{
    "model_name": "HuggingFaceTB/SmolVLM2-2.2B-Instruct",
    "model_load_time": 8.686486005783081,
    "total_time": 2302.7854640483856,
    "summary_inference": {
        "mean": 5.19593584979022,
        "min": 1.3401806354522705,
        "max": 19.557473182678223,
        "std": 2.7874942875011297
    },
    "category_inference": {
        "mean": 3.293590305469654,
        "min": 0.31283092498779297,
        "max": 17.193125009536743,
        "std": 2.660781785155644
    },
    "evaluation_results": {
        "BERTScore": {
            "Precision": {
                "mean": 0.8881182074546814,
                "std": 0.025447173044085503
            },
            "Recall": {
                "mean": 0.8631386160850525,
                "std": 0.02494620718061924
            },
            "F1": {
                "mean": 0.8753114342689514,
                "std": 0.02267715521156788
            }
        },
        "Category": {
            "Accuracy": 0.26666666666666666,
            "F1_weighted": 0.26472396252220814
        }
    }
}